"frase","clave_aleatory","tiempo_aleatory","clave_discriminatory","tiempo_discriminatory","clave_weighted","tiempo_weighted","clave_greedy","tiempo_greedy","clave_hybrid","tiempo_hybrid"
"juan12","jV@n|z",1.239776611328125e-4,"JU@NIz",0.01588296890258789,"JVAn12",0.004278898239135742,"JU@n|Z",0.018580913543701172,"JU@n|Z",0.059445858001708984
"maria1","MAR¡@1",0.0050280094146728516,"M4R¡Al",0.005845069885253906,"M4r!@I",0.008034229278564453,"M@R¡4|",0.0026438236236572266,"M4R¡@|",0.039932966232299805
"casa22","C4$aZ2",1.4090538024902344e-4,"<A5A2Z",5.328655242919922e-4,"c4$A2z",4.119873046875e-4,"<@$4Zz",0.0022971630096435547,"<4$@Zz",0.0905311107635498
"sol33","$0|E3",1.0204315185546875e-4,"$0|€€",4.8804283142089844e-4,"$o|e€",4.069805145263672e-4,"$0|E€",0.0020689964294433594,"$0|€E",0.06090211868286133
"luz44","|VZ44",9.799003601074219e-5,"LVZ44",4.761219024658203e-4,"Lv244",3.838539123535156e-4,"|U244",0.0012509822845458984,"|U244",0.006736040115356445
"amor5","aMORS",1.0204315185546875e-4,"4M0RS",5.919933319091797e-4,"aMORs",4.1294097900390625e-4,"@M0RS",0.0016019344329833984,"@M0RS",0.007145881652832031
"paz66","PAZgg",1.0704994201660156e-4,"PA2Gg",5.459785461425781e-4,"PAZg6",4.1604042053222656e-4,"P@2Gg",0.001600027084350586,"P@2gG",0.026278018951416016
"gato77","6a+077",1.0609626770019531e-4,"6A+077",5.550384521484375e-4,"6@tO77",4.799365997314453e-4,"9@+077",0.0018460750579833984,"9@+077",0.019255876541137695
"perro8","P3rr08",0.00011587142944335938,"P€RR08",5.431175231933594e-4,"pERR08",4.4918060302734375e-4,"PERr08",0.001725912094116211,"PERr08",0.005124092102050781
"nube99","nu8E99",0.00011777877807617188,"NV8399",5.249977111816406e-4,"nuB€99",4.451274871826172e-4,"nU8E99",0.0019991397857666016,"nU8E99",0.008728981018066406
"flor11","F|0RI|",1.049041748046875e-4,"F|ORII",5.300045013427734e-4,"Fl0RI|",4.2319297790527344e-4,"F|0RIl",0.0019919872283935547,"FL0RI|",0.018976926803588867
"rosa22","Ro$azz",1.0704994201660156e-4,"R0S@z2",0.00053501129150390625,"R0$A2Z",5.249977111816406e-4,"R0$@Zz",0.0019741058349609375,"R0$@zZ",0.04611492156982422
"azul33","a2uL33",1.0395050048828125e-4,"@Zv|3e",5.021095275878906e-4,"a2VL3e",4.639625549316406e-4,"@2U|E€",0.002746105194091797,"@2U|E€",0.07887411117553711
"verde4","VERDE4",0.00010919570922851563,"v3RDE4",5.400180816650391e-4,"vErDE4",4.839897155761719e-4,"VERD€4",0.0017910003662109375,"V€RDE4",0.0049190521240234375
"cielo5","<1eL0s",1.0704994201660156e-4,"C¡€LO5",4.849433898925781e-4,"(IELoS",4.2319297790527344e-4,"<¡E|0S",0.0024709701538085938,"<¡E|0S",0.09209084510803223
"dia12","D¡@Iz",1.0895729064941406e-4,"DI@|Z",5.099773406982422e-4,"Di@l2",4.4798851013183594e-4,"D¡@|Z",0.0023190975189208984,"D¡@|Z",0.030792951583862305
"noche3","noCh€€",1.239776611328125e-4,"NOCH€E",4.978179931640625e-4,"No(HE3",4.069805145263672e-4,"n0<HE€",0.002148151397705078,"n0<H€E",0.0358119010925293
"vida44","v¡D444",1.1610984802246094e-4,"vID@44",5.030632019042969e-4,"vId@44",4.410743713378906e-4,"V¡D@44",0.002568960189819336,"V¡D@44",0.006831169128417969
"clave5","cL@vEs",0.00011491775512695313,"CLAVE5",5.519390106201172e-4,"<|@v3S",4.5299530029296875e-4,"<|@VES",0.0025930404663085938,"<|@VES",0.07721495628356934
"pass12","p@s$|2",1.289844512939453e-4,"P@S$lz",5.669593811035156e-4,"P@S5l2",4.7016143798828125e-4,"P@$5|Z",0.0024878978729248047,"P@5$|Z",0.08192300796508789
"qwerty","QwErTY",0.00011301040649414063,"QW3R+Y",5.5694580078125e-4,"QwEr+y",5.638599395751953e-4,"QWER+Y",0.002151012420654297,"QWER+Y",0.004374980926513672
"asdf12","4SDFlZ",0.00011205673217773438,"45DFl2",5.090236663818359e-4,"aSdF1Z",4.038810729980469e-4,"@$DF|Z",0.0024499893188476563,"@$DF|Z",0.0388181209564209
"zxcv1","zx<vl",1.0204315185546875e-4,"2×CV1",5.259513854980469e-4,"2x(v1",4.639625549316406e-4,"2×<V|",0.0018880367279052734,"2×<V|",0.02094411849975586
"hola22","Hola22",1.2493133544921875e-4,"H0|@zz",5.199909210205078e-4,"Ho|AZz",4.7016143798828125e-4,"H0|@Zz",0.002025127410888672,"H0|@zZ",0.03792715072631836
"adios3","AD¡0S3",1.2302398681640625e-4,"4DI0$E",5.421638488769531e-4,"AD¡05E",4.940032958984375e-4,"@D¡0$E",0.002362966537475586,"@D¡0$E",0.24931001663208008
"uno11","vN0|1",1.1420249938964844e-4,"vN0||",5.5694580078125e-4,"VN0|1",6.771087646484375e-4,"Un0|I",0.0019028186798095703,"Un0I|",0.023588895797729492
"dos22","do5zz",1.02996826171875e-4,"D0SzZ",5.53131103515625e-4,"D0S2Z",4.410743713378906e-4,"D0$Zz",0.0016198158264160156,"D0$zZ",0.014384984970092773
"tres3","+r3S3",1.0204315185546875e-4,"TRE$E",4.971027374267578e-4,"TRE$E",4.410743713378906e-4,"+RE$€",0.0018570423126220703,"+R€$E",0.025416851043701172
"cuatro","cVATRO",1.0585784912109375e-4,"(UA+RO",5.180835723876953e-4,"Cu@+r0",4.401206970214844e-4,"<U@+R0",0.0023050308227539063,"<U@+R0",0.0684351921081543
"cinco5","C1Nco5",1.010894775390625e-4,"(1N(O5",4.7779083251953125e-4,"(In<o5",3.879070281982422e-4,"<¡n(0S",0.0021619796752929688,"(¡n<0S",0.07305788993835449
"maria2020","MaR¡4z0z0",0.00013399124145507813,"M4R1@zoZO",5.900859832763672e-4,"M4Ri@z0zo",0.00049304962158203125,"M@R¡4ZOz0",0.003289937973022461,"M4R¡@ZOz0",0.08545184135437012
"carlos777","<@rlOs777",1.3518333435058594e-4,"<4RLO5777",6.1798095703125e-4,"<4rLO5777",6.701946258544922e-4,"<@R|0$777",0.00238800048828125,"<@R|0$777",0.06832313537597656
"pedro1111","p€drO|ll|",1.239776611328125e-4,"P€DRO1|lI",5.571842193603516e-4,"PEDROl|1I",4.830360412597656e-4,"PEDR0|Il1",0.002971172332763672,"PEDR0lI|1",0.08031606674194336
"ana202020","AN@2oZOzo",0.00013685226440429688,"AN4zOz0Zo",6.480216979980469e-4,"4NAZO2oz0",5.340576171875e-4,"@n4ZOz02o",0.0029311180114746094,"4n@zOZ02o",0.05724787712097168
"luis12345","|u!$|2e4s",1.277923583984375e-4,"Lv¡$I2E4s",5.691051483154297e-4,"|u!S1ZE4S",4.971027374267578e-4,"|U¡$IZE4S",0.0031669139862060547,"LU¡$|ZE4S",0.10201478004455566
"soledad77","SOL€DaD77",0.00013208389282226563,"5O|3D@D77",5.860328674316406e-4,"SOl3DAD77",4.9591064453125e-4,"$0|ED@d77",0.002505064010620117,"$0|ED@d77",0.07026386260986328
"pablo2022","pabL0Z0Z2",1.2993812561035156e-4,"PA8LO2O22",0.00059604644775390625,"P@8LOZOzZ",5.040168762207031e-4,"P@8|0ZOz2",0.003038167953491211,"P@8|0ZOz2",0.039112091064453125
"clave123","<L@v€12e",1.1897087097167969e-4,"(LAv€|Z€",5.269050598144531e-4,"<L4v€|Ze",4.3702125549316406e-4,"<|@VEIZ€",0.0029230117797851563,"<L@VE|Z€",0.09172487258911133
"pass2023","Passz0zE",1.220703125e-4,"P@S52OZ3",5.719661712646484e-4,"P@s52oze",4.901885986328125e-4,"P@$5ZOzE",0.0027658939361572266,"P@5$ZOzE",0.061203956604003906
"qwerty77","qW€R+y77",1.2493133544921875e-4,"QWER+Y77",6.089210510253906e-4,"QW3R+Y77",5.37872314453125e-4,"QWER+Y77",0.0018160343170166016,"QWER+Y77",0.004405021667480469
"asdf1234","AsDf|ZE4",0.00011396408081054688,"@SDFlzE4",4.8804283142089844e-4,"a$dF12E4",4.3582916259765625e-4,"@$DF|ZE4",0.002610921859741211,"@$DF|ZE4",0.08864283561706543
"zxcv2020","Zx<vZ02O",1.2302398681640625e-4,"ZX(v2OzO",6.010532379150391e-4,"ZXCVzo2O",5.509853363037109e-4,"2×<VZOz0",0.0025010108947753906,"2×<VZOz0",0.03714108467102051
"hola2024","h0|@ZoZ4",1.239776611328125e-4,"HO|A2oz4",5.488395690917969e-4,"HOl4Z0z4",4.711151123046875e-4,"H0|@ZOz4",0.0023949146270751953,"H0|@ZOz4",0.038522958755493164
"adios777","4D1o$777",1.2993812561035156e-4,"4DI05777",0.00063800811767578125,"AD!0s777",5.259513854980469e-4,"@D¡0$777",0.0024421215057373047,"@D¡0$777",0.03909611701965332
"uno12345","UNo|Z34s",1.4591217041015625e-4,"VNOlz34s",5.700588226318359e-4,"UnOlzE4s",4.6896934509277344e-4,"Un0|ZE4S",0.0025129318237304688,"Un0|ZE4S",0.07923316955566406
"dos22222","DoSz222z",1.2612342834472656e-4,"DOS2Z22z",6.110668182373047e-4,"D0522ZZz",5.271434783935547e-4,"D0$Zz2Zz",0.0024678707122802734,"D0$2zZZz",0.037751197814941406
"tres3333","+R3$E33e",1.2421607971191406e-4,"TRE5E3€3",5.447864532470703e-4,"+R€$3eEe",4.6515464782714844e-4,"+RE$€3eE",0.003101825714111328,"+R3$€EeE",0.09393095970153809
"cuatro44","cv@TRO44",1.2302398681640625e-4,"CV@TR044",5.309581756591797e-4,"(u@+R044",4.420280456542969e-4,"<U@+R044",0.002268075942993164,"<U@+R044",0.06861996650695801
"cinco555","<!nc0S5S",1.201629638671875e-4,"C1N(O5S5",0.00053501129150390625,"<iN(OsS5",4.5800209045410156e-4,"<¡n(0Ss5",0.002721071243286133,"(¡n<0Ss5",0.0766139030456543
"seis6666","5e¡S66gg",0.00013113021850585938,"$E!$GgGG",0.00053501129150390625,"53I56ggG",4.379749298095703e-4,"$E¡5Gg6G",0.002959012985229492,"5E¡$Gg6G",0.11287689208984375
"siete777","si3TE777",1.220703125e-4,"$IETE777",0.00059986114501953125,"5IETE777",5.059242248535156e-4,"$¡E+€777",0.002468109130859375,"$¡€+E777",0.10619688034057617
"ocho8888","o<Ho8888",0.00013589859008789063,"OCHO8888",5.228519439697266e-4,"OCh08888",4.260540008544922e-4,"0<HO8888",0.0018279552459716797,"O<H08888",0.007122993469238281
"nueve999","Nu€V3999",1.270771026611328e-4,"NUEV€999",0.00055599212646484375,"NVEve999",4.520416259765625e-4,"nUEV€999",0.002046823501586914,"nU€VE999",0.01049494743347168
"diez1010","dI€2IoI0",1.289844512939453e-4,"D!E21oIo",5.459785461425781e-4,"Di€2IO10",4.5609474182128906e-4,"D¡E2|OI0",0.0028798580169677734,"D¡E2|OI0",0.08496785163879395
"sol12345","s0|l2€4S",0.00015401840209960938,"SO|IZ34S",0.00057697296142578125,"s0||ZE4S",4.899501800537109e-4,"$0|IZE4S",0.0026810169219970703,"$0L|ZE4S",0.058196067810058594
"luna2020","LVn@zoZo",1.1992454528808594e-4,"|vN@Z0ZO",5.831718444824219e-4,"|Un42OZ0",5.061626434326172e-4,"|Un@ZOz0",0.002608060836791992,"|Un@ZOz0",0.0951077938079834
"estrella7","ESTRel|@7",1.3518333435058594e-4,"3S+R3LL@7",5.939006805419922e-4,"€$+RELLA7",5.040168762207031e-4,"E$+R€|L@7",0.0034110546112060547,"€$+RE|L@7",0.07947897911071777
"cielo888","ciELo888",0.00013208389282226563,"<I€LO888",6.020069122314453e-4,"<I€L0888",4.451274871826172e-4,"<¡E|0888",0.002507925033569336,"<¡E|0888",0.07471585273742676
"nube9999","Nu8e9999",1.361370086669922e-4,"Nv8€9999",5.509853363037109e-4,"NVBE9999",4.601478576660156e-4,"nU8E9999",0.0019190311431884766,"nU8E9999",0.008627176284790039
"flor2024","FL0R2Oz4",1.9097328186035156e-4,"FLOR2O24",5.970001220703125e-4,"F|oRz024",4.980564117431641e-4,"F|0RZOz4",0.0031518936157226563,"F|0RZOz4",0.012963056564331055
"rosa7777","roS47777",0.00017690658569335938,"R0547777",9.038448333740234e-4,"ROSa7777",6.129741668701172e-4,"R0$@7777",0.002012014389038086,"R0$@7777",0.00911402702331543
"verde123","v3RdE1ze",1.418590545654297e-4,"VERDElZe",5.609989166259766e-4,"vERdElz3",0.00055789947509765625,"VERD€|Z3",0.002753019332885742,"V3RD€|ZE",0.08246707916259766
"azul2020","@2U|zOzo",1.220703125e-4,"4ZV|2O20",0.00058078765869140625,"AZv|ZO2O",0.00053310394287109375,"@2U|ZOz0",0.0026688575744628906,"@2U|ZOz0",0.09555482864379883
"negro555","nE6R0ssS",0.00013494491577148438,"NE6RO555",6.129741668701172e-4,"N€Gr0sSS",4.8804283142089844e-4,"nE9R0Ss5",0.0026390552520751953,"nE9R0sS5",0.053420066833496094
"blanco77","blAn(077",1.2612342834472656e-4,"B|@NC077",5.629062652587891e-4,"Bl@N(077",4.830360412597656e-4,"8|@n<077",0.002362966537475586,"8|@n<077",0.05763697624206543
"gato2020","G4TOZOz0",1.251697540283203e-4,"6ATO20zO",6.010532379150391e-4,"9ato2oZ0",5.049705505371094e-4,"9@+0ZOzo",0.002889871597290039,"9@+0ZOzo",0.05928516387939453
"perro123","pErROIze",0.00013303756713867188,"P€RROlz3",5.860328674316406e-4,"P€RR0lz3",4.868507385253906e-4,"PERr0|Z€",0.0025529861450195313,"P€Rr0|ZE",0.06396293640136719
"pez77777","pEz77777",1.239776611328125e-4,"P3Z77777",0.00065898895263671875,"p€Z77777",5.810260772705078e-4,"PE277777",0.0016210079193115234,"PE277777",0.0040929317474365234
"ave202020","AV3Zozoz0",0.00013208389282226563,"Av32O202o",6.008148193359375e-4,"AV3Zoz02o",0.00053882598876953125,"@VEZOz02o",0.003010988235473633,"@VEzOZ02o",0.058873891830444336
"casa1234","<4sa1ze4",1.1992454528808594e-4,"<AS@12e4",6.1798095703125e-4,"(AS@lZ34",4.718303680419922e-4,"<@$4|ZE4",0.002856016159057617,"<a$@|ZE4",0.106536865234375
"puerta77","pUeR+a77",1.4400482177734375e-4,"PV3RT@77",6.477832794189453e-4,"PV€RT@77",5.500316619873047e-4,"PUER+@77",0.0023589134216308594,"PUER+@77",0.03212285041809082
"mesa2022","m€s4z0zz",1.2612342834472656e-4,"M3S4ZoZZ",5.800724029541016e-4,"M35a2oZZ",4.9591064453125e-4,"ME$@ZOz2",0.0026941299438476563,"ME$@ZOz2",0.06293797492980957
"silla999","5!|LA999",1.220703125e-4,"SI|L@999",5.300045013427734e-4,"s!LL4999",4.4918060302734375e-4,"$¡|L@999",0.0023479461669921875,"$¡L|@999",0.08350896835327148
"coche123","<O<hel2e",1.2421607971191406e-4,"(OCH€Iz€",5.319118499755859e-4,"C0(HelZE",4.4417381286621094e-4,"<0(HE|Z€",0.002878904342651367,"(0<HE|Z€",0.08298492431640625
"carro2020","C4rrO2OZ0",1.3899803161621094e-4,"(ARROZoZo",6.020069122314453e-4,"c@rRO2O20",0.00051212310791015625,"<@Rr0ZOzo",0.0028650760650634766,"<@Rr0ZOzo",0.06725811958312988
"tren77777","TrEn77777",1.3899803161621094e-4,"TREN77777",7.050037384033203e-4,"+r3n77777",5.919933319091797e-4,"+REn77777",0.001744985580444336,"+REn77777",0.004458904266357422
"avion8888","av!0N8888",0.00013208389282226563,"AV¡ON8888",5.199909210205078e-4,"AV10n8888",4.680156707763672e-4,"@V¡0n8888",0.0021398067474365234,"@V¡0n8888",0.01050114631652832
"barco9999","8@r(o9999",0.00013399124145507813,"B4R<09999",0.00055599212646484375,"B4r(09999",4.7016143798828125e-4,"8@R<09999",0.0022001266479492188,"8@R<09999",0.0196688175201416
"rio202020","r10202o2O",1.3518333435058594e-4,"RIOZOZo2o",6.561279296875e-4,"r1o2oz02O",5.888938903808594e-4,"R¡0ZOzo2O",0.0030820369720458984,"R¡0zOZo2O",0.048249006271362305
"mar123456","m@r|z€456",1.3899803161621094e-4,"M@RlzE45g",5.681514739990234e-4,"M4R1Z34sg",4.92095947265625e-4,"M@R|ZE4SG",0.002810955047607422,"M@R|ZE4SG",0.07579207420349121
"maria202020","MaRIAZ0zo2o",0.00015211105346679688,"M4R!AzO20zO",0.00082492828369140625,"MAr1aZozOz0",0.00070285797119140625,"M@R¡4ZOz02o",0.004528045654296875,"M4R¡@ZOz02o",0.08588600158691406
"carlos77777","CArL0S77777",1.430511474609375e-4,"<ARLO577777",0.00078296661376953125,"<@R|O$77777",0.0010449886322021484,"<@R|0$77777",0.0028138160705566406,"<@R|0$77777",0.07127809524536133
"pedro123456","p3DRO12€4s6",1.480579376220703e-4,"PEDR012€45g",6.268024444580078e-4,"pEDRoIZ345G",5.450248718261719e-4,"PEDR0|Z€4SG",0.0033130645751953125,"P€DR0|ZE4SG",0.07124805450439453
"analuisa111","4NalU¡5@l1|",1.5091896057128906e-4,"@NALUI$4I||",0.00059604644775390625,"4NA|v!$@I|1",5.14984130859375e-4,"@n4|U¡$aIl1",0.004426002502441406,"4n@|U¡$aIl1",0.11878299713134766
"luisfern123","luI5F3rn1ze",0.00015497207641601563,"LvI5FERNI2E",0.00064182281494140625,"lVI5f€RN1Z3",5.519390106201172e-4,"|U¡$FERnIZ€",0.003922224044799805,"|U¡$FERnIZ€",0.11993408203125
"soledad8888","5O|ED4d8888",1.5282630920410156e-4,"5OL€D4D8888",5.660057067871094e-4,"$O|EDaD8888",4.8613548278808594e-4,"$0|ED@d8888",0.002986907958984375,"$0|ED@d8888",0.07299304008483887
"pablo202212","P4bl0zO22lz",0.00015401840209960938,"P@8|Oz0zzlZ",0.00072002410888671875,"PabLoZ0z2|2",0.00063610076904296875,"P@8|0ZOz2IZ",0.0038580894470214844,"P@8|0ZOz2IZ",0.04376411437988281
"claveclave11","c|avECl@Vel|",1.838207244873047e-4,"<|AvECL4V3l|",6.299018859863281e-4,"Cl4V€cl@vEl|",7.250308990478516e-4,"<|@VE(L4v€Il",0.004889965057373047,"(|@VE<L4v€Il",0.11875581741333008
"password123","PA$sWoRDIz€",0.00023698806762695313,"PA$5WORD1Ze",9.729862213134766e-4,"p4S5WoRDlZe",7.359981536865234e-4,"P@$5W0RD|ZE",0.004745006561279297,"P@5$W0RD|ZE",0.08974599838256836
"qwerty20202","QwerTyZozoZ",1.5091896057128906e-4,"QW3RTYZ0zo2",7.228851318359375e-4,"QwER+y20z0Z",6.320476531982422e-4,"QWER+YZOz02",0.003298044204711914,"QWER+YzOZ02",0.04069399833679199
"asdfasdf111","@SdF@sDfl|1",0.00015687942504882813,"@$DF4SDFlII",5.910396575927734e-4,"45DF@5df1I|",5.049705505371094e-4,"@$DF45df|Il",0.012090921401977539,"45DF@$df|Il",0.11814689636230469
"zxcvzxcv22","ZxcvzX(v22",1.590251922607422e-4,"Z×CVZ×CVZz",7.20977783203125e-4,"ZXCV2×<vZz",6.330013275146484e-4,"2×<VZX(vzZ",0.00407099723815918,"2X<V2×(vzZ",0.05256915092468262
"holaamigo77","h0laam!9o77",0.00015497207641601563,"HO|@4MI9077",6.620883941650391e-4,"hO|a@M!9o77",6.320476531982422e-4,"H0|@4M¡9O77",0.003612041473388672,"H0|4@M¡9O77",0.1344451904296875
"adios202020","aDIOSzO2OZO",1.6117095947265625e-4,"@DIOSZo20z0",7.281303405761719e-4,"AD¡0SzoZ02O",6.618499755859375e-4,"@D¡0$ZOzo2O",0.00450897216796875,"@D¡0$ZOzo2O",0.09676003456115723
"uno12345678","uNoI2e4sG78",0.00017499923706054688,"VNO|Z€4sG78",7.4005126953125e-4,"vno12€4sG78",5.931854248046875e-4,"Un0|ZE4SG78",0.003489971160888672,"Un0|ZE4SG78",0.06823182106018066
"dosdos22222","D0SD0$zzz22",0.00015401840209960938,"DOSDOSz2ZZz",7.100105285644531e-4,"DO5D0$Z2zZ2",6.299018859863281e-4,"D0$dO5Zz2Zz",0.0036590099334716797,"DO5d0$Zz2Zz",0.06046009063720703
"tres3333333","tr€Seee3ee€",1.480579376220703e-4,"TRE5E€ee€ee",5.98907470703125e-4,"+R€5E€3e€€3",5.259513854980469e-4,"+RE$€3eE€3e",0.004389047622680664,"+R3$€EeE€3e",0.13336801528930664
"cuatro44444","CVa+rO44444",1.480579376220703e-4,"CvATRO44444",0.00061893463134765625,"Cv@+Ro44444",4.918575286865234e-4,"<U@+R044444",0.002817869186401367,"<U@+R044444",0.07414507865905762
"cinco555555","cin(o5sS555",1.5091896057128906e-4,"(1N(O5ss55s",8.308887481689453e-4,"<!N(o5Ss5sS",5.939006805419922e-4,"<¡n(0Ss5Ss5",0.003874063491821289,"(¡n<0Ss5Ss5",0.09132504463195801
"seis6666666","5eiSgGg6ggg",1.552104949951172e-4,"5E¡SgGgg6gg",6.1798095703125e-4,"53!Sgg6g6GG",5.440711975097656e-4,"$E¡5Gg6Gg6G",0.004112958908081055,"5E¡$Gg6Gg6G",0.10721087455749512
"siete777777","s¡€+E777777",0.00019407272338867188,"S¡ETE777777",8.218288421630859e-4,"5!3+€777777",8.409023284912109e-4,"$¡E+€777777",0.0028219223022460938,"$¡€+E777777",0.11290287971496582
"ochoocho888","O<hO0CHO888",0.00015306472778320313,"O(HOOCH0888",5.900859832763672e-4,"0(H0O(Ho888",5.168914794921875e-4,"0<HOo(h0888",0.002975940704345703,"o(HO0<h0888",0.06265091896057129
"nueve999999","nU3V€999999",1.6117095947265625e-4,"NU€VE999999",6.868839263916016e-4,"NU€vE999999",6.041526794433594e-4,"nUEV€999999",0.002771139144897461,"nU€VE999999",0.011684894561767578
"diezdiez101","D1ezD¡eZ10I",0.00019407272338867188,"D!EZDI€2|OI",7.548332214355469e-4,"D¡€2d¡321ol",7.479190826416016e-4,"D¡E2d!€Z|OI",0.009203910827636719,"D!€2d¡EZ|OI",0.15686798095703125
"solsol12345","Sol$OLIz€4s",1.480579376220703e-4,"S0|SO|1Z€4s",0.00072002410888671875,"$OLS0|l2€45",6.7901611328125e-4,"$0|5OLIZE4S",0.004186153411865234,"5O|$0LIZE4S",0.0570070743560791
"lunaroja111","|Un@ROJ@||l",1.9097328186035156e-4,"|vNAROJ4Il1",6.549358367919922e-4,"lvn@R0j@11l",5.469322204589844e-4,"|Un@R0J4Il1",0.004139900207519531,"|Un4R0J@Il1",0.08049488067626953
"estrellas77","eS+R€llA$77",0.00017595291137695313,"35+R3||4$77",7.700920104980469e-4,"E$tr€lLAS77",6.7901611328125e-4,"E$+R€|L@577",0.0036389827728271484,"€$+RE|L@577",0.07067704200744629
"cielocielo9","<I3|OciEl09",0.00015592575073242188,"(I3|0<¡E|O9",6.120204925537109e-4,"C1€|O<!3LO9",5.137920379638672e-4,"<¡E|0(!€LO9",0.004374980926513672,"<¡E|0(!€LO9",0.09824299812316895
"nubecita222","nU8E<1T4Zz2",1.4901161193847656e-4,"NVBE(!+4zZ2",6.690025329589844e-4,"NV8€cIT4Z2z",6.129741668701172e-4,"nU8E<¡+@Zz2",0.0046710968017578125,"nU8E<¡+@Zz2",0.1535780429840088
"florcita333","Fl0R<¡tAEEE",1.621246337890625e-4,"FL0RC1+AeE€",6.339550018310547e-4,"F|OR<I+43€3",6.7901611328125e-4,"F|0R<¡+@E€3",0.004580020904541016,"F|0R<¡+@E€3",0.06854701042175293
"rosarosa444","ROsAR05a444",1.480579376220703e-4,"R0SAR05@444",6.079673767089844e-4,"ro5ArOS@444",5.271434783935547e-4,"R0$@rO54444",0.0031468868255615234,"RO$ar05@444",0.0740668773651123
"verdeverde5","vErdev€Rdes",1.6498565673828125e-4,"v3RDEV3RD3S",6.690025329589844e-4,"v€RD3vErD3S",8.189678192138672e-4,"VERD€v3rdeS",0.004284858703613281,"VeRD3v€rdES",0.08846902847290039
"azulazul777","A2ul42vl777",1.499652862548828e-4,"AZULAZVL777",7.579326629638672e-4,"4ZV|42U|777",6.690025329589844e-4,"@2U|4ZuL777",0.0032868385314941406,"42U|@ZuL777",0.10674214363098145
"negronegro8","neGRoNEGrO8",0.00015211105346679688,"NE9RON39RO8",6.260871887207031e-4,"n39R0N€9r08",5.490779876708984e-4,"nE9R0N€6rO8",0.0033478736877441406,"n€6R0NE9rO8",0.09049296379089355
"blancoblanc9","Bl@nco8L@Nc9",1.6307830810546875e-4,"8LAN<OBL4N(9",6.029605865478516e-4,"B|4NC0bLan(9",5.190372467041016e-4,"8|@n<0bL4N(9",0.0038690567016601563,"8|@n<0bL4N(9",0.06800103187561035
"gatogato123","g@t06@+0Ize",1.468658447265625e-4,"6@+09ATOl2E",6.301403045654297e-4,"9@tO94T0IzE",5.381107330322266e-4,"9@+064TO|ZE",0.004106044769287109,"6@+094TO|ZE",0.07035183906555176
"perroperro22","P€rROpERR02z",1.6188621520996094e-4,"P€RROPERR022",7.030963897705078e-4,"PERrop€RrO2Z",0.00061702728271484375,"PERr0p€RrOZz",0.0035238265991210938,"P€RrOpERr0Zz",0.06318521499633789
"pezpez99999","p32p€299999",1.480579376220703e-4,"P32P€299999",6.630420684814453e-4,"P€2Pe299999",5.710124969482422e-4,"PE2p€Z99999",0.002640962600708008,"P€ZpE299999",0.020745038986206055
"aveave20202","4V34vE202o2",1.5091896057128906e-4,"@V3AvEZ0zoZ",6.709098815917969e-4,"4VeAV3zOZ0z",6.508827209472656e-4,"@VE4v€ZOz02",0.004001140594482422,"4V€@vEZOz02",0.09449505805969238
"casacasa111","<@$4c@$A11|",0.00019979476928710938,"C@54(@5@1||",6.229877471923828e-4,"C4S@(AsalI1",5.550384521484375e-4,"<@$4(a5A|Il",0.0051898956298828125,"(4$@<a5A|Il",0.13631391525268555
"puertapuert9","pveRtAPv3rT9",1.728534698486328e-4,"PV€R+4PVERT9",7.431507110595703e-4,"PuErT4PV€R+9",0.00070285797119140625,"PUER+@pu€rT9",0.004606008529663086,"PuER+@pU€rT9",0.10750198364257813
"mesamesa2222","Me54m3$@zZzz",1.609325408935547e-4,"MES@M35@ZzZz",8.149147033691406e-4,"M€$4m35@z2zZ",0.00063610076904296875,"ME$@m€54Zz2Z",0.004564046859741211,"M€5@mE$4Zz2Z",0.13295698165893555
"sillasilla33","$¡ll4SiL|AeE",1.690387725830078e-4,"S¡LL@S!||4€E",6.339550018310547e-4,"sI|L4$I|l@eE",5.609989166259766e-4,"$¡|L@5!l|4E€",0.0051119327545166016,"$¡L|@5!l|4E€",0.09974408149719238
"cochecoche44","(och€(och€44",1.659393310546875e-4,"C0<H3<O(HE44",6.330013275146484e-4,"(O(h€<OCh€44",5.431175231933594e-4,"<0(HECOch€44",0.0041961669921875,"C0(HE<Och€44",0.1338357925415039
"carrocarro55","c4Rr0c@rr0SS",1.5807151794433594e-4,"CARR0C@RR0S5",0.00069904327392578125,"C4Rr0CarROS5",5.900859832763672e-4,"<@Rr0(4RrOSs",0.0038979053497314453,"(4Rr0<@RrOSs",0.0999760627746582
"tren20202020","tRenz0zO2Oz0",1.6808509826660156e-4,"TR€NZo2oZ02O",7.860660552978516e-4,"TrENzo2OZOz0",6.530284881591797e-4,"+REnZOz02oZO",0.0038118362426757813,"+REnzOZ02oZO",0.04314899444580078
"avionavion88","4v!0NAvIon88",1.628398895263672e-4,"4v10N@v!ON88",0.00066280364990234375,"4V1ONAV!oN88",5.550384521484375e-4,"@V¡0n4v!ON88",0.0037021636962890625,"4V!0n@v¡ON88",0.14476609230041504
"barcobarco99","B@rcOb4r(o99",1.6307830810546875e-4,"BARC08@R(O99",6.320476531982422e-4,"8@R<08arCO99",5.400180816650391e-4,"8@R<0b4r(O99",0.003728151321411133,"b@R<084r(O99",0.06367182731628418
"rio123456789","R!olzE4SG789",0.00017213821411132813,"R!0IZE4s6789",0.00072383880615234375,"r¡OIZE456789",6.449222564697266e-4,"R¡0|ZE4SG789",0.0038030147552490234,"R¡0|ZE4SG789",0.09138917922973633
"marprofundo1","m@RpROfUNdoI",1.6808509826660156e-4,"M@RPROFUND0|",6.611347198486328e-4,"MARPr0fundOI",5.860328674316406e-4,"M@RPr0FUnDO|",0.0037000179290771484,"M@RPrOFUnD0|",0.08045697212219238
"andreslopez2020","aNDRe5LOp€22OzO",1.919269561767578e-4,"@NDR3$|OP€ZZ0Z0",7.917881011962891e-4,"4Ndr€5|0PEZzoZ0",9.629726409912109e-4,"@nDRE$|0P€2ZOzo",0.005162954330444336,"@nDRE$|0P€2ZOzo",0.07861804962158203
"paolaramirez88","pAOL@r4m1rez88",1.9288063049316406e-4,"P@0|@R@M¡RE288",0.00070095062255859375,"P@0|4RAM¡Rez88",6.120204925537109e-4,"P@0|4RaM¡rE288",0.0047550201416015625,"Pa0|4R@M¡rE288",0.09699606895446777
"fernandodiaz123","FeRN@ndod¡aZl2e",2.181529998779297e-4,"FERN@ND0DIAZ1zE",7.491111755371094e-4,"f€RN4nDOd¡AZ|Z3",6.492137908935547e-4,"FERn@ND0d¡42|Z€",0.0053768157958984375,"FERn4ND0d¡@2|Z€",0.13399291038513184
"claudiagomez77","CL@UD!46OM3277",0.00017499923706054688,"<|4VD¡4G0MEZ77",7.62939453125e-4,"(|AVD!460m€Z77",6.887912750244141e-4,"<|@UD¡490ME277",0.00489497184753418,"<|@UD¡490ME277",0.11887001991271973
"ricardosoto9999","R1<aRdoSoT09999",0.00019407272338867188,"RIC4RDOSO+09999",7.460117340087891e-4,"R1C@rd0s0t09999",6.489753723144531e-4,"R¡<@rD0$O+o9999",0.013898134231567383,"R¡<@rD0$O+o9999",0.11705613136291504
"valeriacruz2020","VA|€r1A(RVz2ozo",2.6607513427734375e-4,"v4LERI4(RUZZ0zo",8.091926574707031e-4,"V4lER¡A(rV2202o",7.839202880859375e-4,"V@|ER¡4<rU2ZOz0",0.0057680606842041016,"V4|ER¡@<rU2ZOz0",0.1374189853668213
"alejandromunoz11","Al3J@NdR0mvN0zII",0.00019788742065429688,"4|€J4NDROMVN02lI",7.789134979248047e-4,"Al€J@NDR0mVnOZ1|",6.930828094482422e-4,"@|EJ4nDR0MUNO2Il",0.0054318904876708984,"4|EJ@nDR0MUNO2Il",0.15982699394226074
"camilatorres22","c@m¡L@TOrreSZZ",0.00021409988403320313,"(4M1|A+ORR35Zz",7.529258728027344e-4,"(aM!lA+ORR€$zz",6.639957427978516e-4,"<@M¡|4+0RrE$Zz",0.005149126052856445,"<4M¡|@+0RrE$Zz",0.1259160041809082
"danielrojas333","dANI3LROja5eEe",1.850128173828125e-4,"D4N!€LR0JA5€e€",6.949901580810547e-4,"D4N!eLr0Ja$ee3",6.339550018310547e-4,"D@n¡E|R0J4$€3e",0.005403041839599609,"D@n¡E|R0J4$€3e",0.09316396713256836
"sofiaperez4444","s0f1AperEz4444",1.7905235290527344e-4,"S0F1AP€REZ4444",6.678104400634766e-4,"SoF¡Ap3Rez4444",0.00059795379638671875,"$0F¡@PER€24444",0.004200935363769531,"$0F¡@PER€24444",0.12096810340881348
"estebangarcia55","e5t€8ANG4RC1AsS",0.00019598007202148438,"3$+3B4N9@R<¡ASS",7.059574127197266e-4,"3$t€8@N94R(I@5s",6.470680236816406e-4,"E$+€8@n94R<¡aSs",0.005852937698364258,"€$+E8@n94R<¡aSs",0.09169197082519531
"nataliasalas66","n4TAL!@sA|aS6g",1.8310546875e-4,"NA+@|¡@$A|4S6G",0.00070095062255859375,"nA+aL!4SA|@$gg",6.489753723144531e-4,"n@+4|¡a$AL@5Gg",0.005639076232910156,"n4+@|¡a$AL@5Gg",0.09266304969787598
"felipemora7777","fELip€MoRA7777",1.8596649169921875e-4,"F3L¡PEM0RA7777",0.00080394744873046875,"Fe|IpEmoR47777",7.159709930419922e-4,"FE|¡P€M0R@7777",0.0039141178131103516,"F€|¡PEM0R@7777",0.09470415115356445
"carolinavargas88","<@RoL¡n4VArGaS88",2.02178955078125e-4,"(AR0|!NAVAR6A$88",7.290840148925781e-4,"CAROLIn4vARGa588",6.558895111083984e-4,"<@R0|¡n4Var9A$88",0.005559206008911133,"<@R0|¡n4Var9A$88",0.10529708862304688
"gustavodiaz999","9usTAv0dI4z999",1.800060272216797e-4,"GU5T4VOD!A2999",0.00072383880615234375,"gU5TAV0D1@2999",6.690025329589844e-4,"9U$+@V0D¡42999",0.0045320987701416016,"6U$+@V0D¡42999",0.14342093467712402
"monicaramirez12","m0Ni(4r4mirE212",1.86920166015625e-4,"MONI<4R@M¡R3ZlZ",0.00076007843017578125,"M0NiC@RAM!REz|z",6.680488586425781e-4,"M0n¡<@R4m!rE2|Z",0.005740165710449219,"M0n¡<4R@m!rE2|Z",0.1306450366973877
"sebastianlopez13","S3baST!aNL0pEzle",1.919269561767578e-4,"$EB@S+!AN|OP€21€",7.331371307373047e-4,"5384St¡4NlOPeZl3",6.670951843261719e-4,"$E8@5+¡4n|0P€2I3",0.006208181381225586,"5E8@$+¡4n|0P€2I3",0.12336111068725586
"patriciacruz14","p@tR¡(1A(RU2I4",1.8405914306640625e-4,"PATRIC!@CRUZ|4",0.00072193145751953125,"pAtRI(¡@CrVZ|4",6.289482116699219e-4,"P@+R¡<!4(rU2|4",0.0054090023040771484,"Pa+R¡<!@(rU2|4",0.12828707695007324
"jorgecastro15","j0r6€c@5+rOI5",1.6689300537109375e-4,"JOR6E<4S+ROls",6.899833679199219e-4,"j0RG€(@$TrOIs",6.029605865478516e-4,"J0R9E<@$+rO|S",0.004611968994140625,"J0R9E<@$+rO|S",0.09423494338989258
"martinarias2020","mAr+1N4RiA5zO2o",1.8405914306640625e-4,"M@R+INAR!45ZO20",7.669925689697266e-4,"M@RT1nAR1@szoZO",8.549690246582031e-4,"M@R+¡n4r!a$ZOz0",0.0055789947509765625,"M4R+!n@r¡a$ZOz0",0.16248083114624023
"luismorales88","LU1Sm0ra|E$88",1.6999244689941406e-4,"|V!5M0RAL3S88",6.899833679199219e-4,"|VI$m0R@|3S88",6.098747253417969e-4,"|U¡$M0R@LE588",0.004500865936279297,"|U¡$M0R@LE588",0.09918093681335449
"veronicadiaz99","VER0nI(4d14z99",1.761913299560547e-4,"V€RON1<4D14299",6.849765777587891e-4,"vER0NI(AD¡4299",5.98907470703125e-4,"VER0n¡<@D!4299",0.004691123962402344,"VER0n¡<@D!4299",0.12825512886047363
"antonioflores77","@nT0NI0FloRe577",1.900196075439453e-4,"ANTON¡OFL0R3S77",0.00094509124755859375,"ANtOn!0F|ORE$77",7.169246673583984e-4,"@n+0N¡OF|oRE$77",0.005178928375244141,"@n+ON¡0F|oRE$77",0.07303786277770996
"gabrielrojas22","ga8r¡E|ROj45zz",1.8286705017089844e-4,"6@BR!3|R0J452z",8.04901123046875e-4,"g@8r¡3LR0J@Sz2",0.00063800811767578125,"9@8R¡E|r0J4$Zz",0.005424022674560547,"9@8R¡E|r0J4$Zz",0.1305530071258545
"isabelgomez33","!$Ab3|g0MeZ€E",1.659393310546875e-4,"1$4B€|G0M€2E€",6.449222564697266e-4,"1$4bEL9Om€ZeE",5.5694580078125e-4,"¡$@8E|90M€23e",0.005233049392700195,"¡$@8E|90M€23e",0.1309189796447754
"rodrigotorres44","rodR1go+0rReS44",1.819133758544922e-4,"R0DRI60+0RRE$44",7.369518280029297e-4,"Rodr¡GOt0RRE544",6.449222564697266e-4,"R0Dr¡9O+oRrE$44",0.0046710968017578125,"RODr¡90+oRrE$44",0.07991194725036621
"marianalopez55","M@R¡4NalOPeZ5s",0.00019407272338867188,"MAR¡@NA|0P3Zs5",0.00076389312744140625,"mARIaN@|OP€25S",6.930828094482422e-4,"M@R¡4na|0PE2Ss",0.0059468746185302734,"MaR¡4n@|0PE2Ss",0.12019491195678711
"victorsalas66","V!c+orsAl45G6",1.709461212158203e-4,"v¡(TORSA|4$gG",0.00084400177001953125,"v¡CtOr$Al@Sg6",6.008148193359375e-4,"V¡<+0R$@|45Gg",0.015197992324829102,"V¡<+0R$@|45Gg",0.10537600517272949
"angelamora777","an6el@morA777",1.6689300537109375e-4,"4N9ELAM0R@777",7.112026214599609e-4,"AnG3|4m0rA777",6.320476531982422e-4,"@n9E|4M0Ra777",0.0039501190185546875,"4n9E|@M0Ra777",0.10191893577575684
"camiloarias888","C4m¡|o@RI@5888",1.8787384033203125e-4,"C4M¡LOARI@5888",0.00066280364990234375,"(@MILO4R1A5888",0.00057506561279296875,"<@M¡|04R!a$888",0.004834890365600586,"<@M¡|04R!a$888",0.0885159969329834
"television2020","tEL3V¡5!0N2oZO",1.800060272216797e-4,"TELEv1S¡ONZozO",0.00076007843017578125,"T3|Ev1S¡oNZoz0",0.009774923324584961,"+E|€V¡$!0nZOzo",0.005697965621948242,"+€|EV¡$!0nZOzo",0.09581613540649414
"cocinamesa123","CO(1N4me5A|Z€",1.690387725830078e-4,"(0(!NAMES@IZ3",6.501674652099609e-4,"<O<In@ME5@lZ3",5.700588226318359e-4,"<0(¡n@ME$4|Z€",0.0051500797271728516,"(0<¡n@ME$4|Z€",0.1277480125427246
"puertaventana77","PVeR+aVEn+4Na77",1.8405914306640625e-4,"PU3RT@V3NTAN477",7.8582763671875e-4,"Pv€r+AVENT4n@77",6.999969482421875e-4,"PUER+@V€nT4Na77",0.00469207763671875,"PU€R+@VEnT4Na77",0.10771417617797852
"sillamesa9999","s¡|L@MEsa9999",1.6498565673828125e-4,"5I|L4M3SA9999",6.511211395263672e-4,"S¡L|4m€sA9999",0.00055599212646484375,"$¡|L@ME549999",0.0041658878326416016,"$¡L|@ME549999",0.08720993995666504
"cochecarro2020","(ocH3<@rrozO2O",1.8405914306640625e-4,"CO(H3(4RROzO2O",8.978843688964844e-4,"<O<H€(@rr02Oz0",6.40869140625e-4,"<0(HEC@RrOZozO",0.00494694709777832,"C0(HE<@RrOZozO",0.1071159839630127
"trenrapido111","tRENraP!d0IlI",1.709461212158203e-4,"TR3NR4P!D0l|I",0.00067615509033203125,"Tr€nR4P!Do|1I",5.910396575927734e-4,"+REnr@P¡D0|Il",0.0047760009765625,"+REnr@P¡D0|Il",0.10535311698913574
"avionligero22","@VIoNLiG3R0ZZ",1.690387725830078e-4,"AV10N|!6ERO22",0.00070095062255859375,"4vION|!9€ROZ2",0.00061893463134765625,"@V¡0n|!9EROZz",0.0048940181732177734,"@V!0n|¡9EROZz",0.12285900115966797
"barcopesquero33","8Arc0P35qU3R0ee",1.900196075439453e-4,"84RCOP€5QVER033",9.360313415527344e-4,"B4RCOP€SQU3RO3€",6.949901580810547e-4,"8@R<0PE$QU€rO3e",0.005795001983642578,"8@R<0PE$QU€rO3e",0.0810708999633789
"marprofundo44","MArProFvnDo44",1.6999244689941406e-4,"M@RPR0FUND044",7.159709930419922e-4,"M4RPROfUNDO44",0.00059604644775390625,"M@RPr0FUnDO44",0.003749847412109375,"M@RPrOFUnD044",0.02262091636657715
"rioancho555","r!0AncHO5ss",0.00015401840209960938,"R10@NCHOSSs",6.480216979980469e-4,"RI0@n<hOS5s",0.00059223175048828125,"R¡0@n<HOSs5",0.003982067108154297,"R¡O@n<H0Ss5",0.11092686653137207
"valeriacruzluna2020","valeri4CRuzlun@ZOzo",0.00021600723266601563,"v4L3RI4CRVZ|UNAZO2O",8.409023284912109e-4,"V@L€R1A<RuZ|UNa2OZo",8.549690246582031e-4,"V@|ER¡4<rU2LunaZOz0",0.007521867752075195,"V4|ER¡@<rU2LunaZOz0",0.14805102348327637
"montanaverdebrillo18","MOntaN@VERdE8rIl|Ol8",2.3102760314941406e-4,"MON+@N4vERDEBR¡LLOI8",8.490085601806641e-4,"m0N+4N4VERDEBrIL|OI8",7.839202880859375e-4,"M0n+@N4VERD€8r¡|LOI8",0.0068929195404052734,"M0n+4N@VERD€br¡|LOI8",0.07129693031311035
"caminolargoestrella19","(am¡NolArg035tR3|L4l9",2.4199485778808594e-4,"(@M¡N0L4RG0€5TREL|4I9",8.399486541748047e-4,"(aM!NOL@RG03STR€||4l9",7.879734039306641e-4,"<@M¡n0|4R9OE$+r€LlaI9",0.008179903030395508,"<@M¡n0|4R6OE$+r€LlaI9",0.16051411628723145
"lluviaconstante2021","llUVia<oNsT@NT€20Z|",0.00021600723266601563,"|LVv!4<ONS+ANT3zOz1",0.00088214874267578125,"L|UV!A<oN5+aN+3z0zl",7.970333099365234e-4,"|LUV¡@<0n$+4NTEZOzI",0.007600069046020508,"L|UV¡@<0n$+4NTEZOzI",0.11892580986022949
"solradiantefuerza22","SoLrad1@N+3FU€rZazZ",0.00021409988403320313,"S0|R@D1@NT3FV€RZ@Zz",8.339881896972656e-4,"$0|R@d!4N+EFv3r2@Z2",7.672309875488281e-4,"$0|R@D¡4n+EFU€r2aZz",0.006737947463989258,"$0|R@D¡4n+EFU€r2aZz",0.12305688858032227
"ciudadgrandealegria17","<iVdAd6rAnD€4L€6R14|7",2.3818016052246094e-4,"(¡VD@D6R4NDEALEGR!417",8.540153503417969e-4,"C¡VDAD6R@nDe4l39riA17",0.00078105926513671875,"<¡UD@d9R4nDEa|€6r!AI7",0.008367061614990234,"<¡UD@d9R4nDEa|€6r!AI7",0.20096898078918457
"rioprofundoencanto20","rioprofundO€N(ANto2o",2.219676971435547e-4,"R!OPROFUNDOEN<@N+O2O",8.771419525146484e-4,"ri0PROFvNd03NCANTO2O",9.779930114746094e-4,"R¡0PrOFUnDoEN<@n+0ZO",0.006972789764404297,"R¡oPrOFUnD0EN<@n+0ZO",0.08064484596252441
"nubeligeraesperanza19","nU8ELiG€r4e$P€R4nZa|9",2.970695495605469e-4,"NvB€L!6ER@3SP€R4NZ419",9.109973907470703e-4,"NVB€l!6ERA€$per@NZ4|9",7.910728454589844e-4,"nU8E|¡9€R@3$Per4N2aI9",0.019756078720092773,"nU8E|¡6€R@3$Per4N2aI9",0.09800386428833008
"fuegosagradovida2022","FV36O5aGr4dov1DA202Z",2.300739288330078e-4,"FUE6OSA9R4DOV¡D@2oZz",0.0010149478912353516,"fuE6o5@gr4DOVidAz0zZ",0.00080204010009765625,"FUE90$@6R4DOV¡daZoz2",0.007679939270019531,"FUE90$@6R4DOV¡daZoz2",0.1322479248046875
"playaarenadorada16","p|4y@4r€n4DOR4d4I6",2.1386146545410156e-4,"PLAY4@R3NADOR@D@1G",8.208751678466797e-4,"P|@Y4@rEn4d0RAD@1G",7.040500640869141e-4,"P|@Y4aREnAD0r@d4IG",0.00661015510559082,"P|aY4@REnAD0r@d4IG",0.1267540454864502
"bosquetupidooscuro18","Bo$QvEtuP¡dO0$(uR018",2.410411834716797e-4,"BOSQV€TVP!D0OS(UR0l8",9.510517120361328e-4,"BO$qV€+Up!D00$(UR018",9.028911590576172e-4,"80$QUE+uP¡DOo5<VR0|8",0.008231878280639648,"b0$QUE+uP¡DOo5<VR0|8",0.09483885765075684
"vientofuertehojas19","v¡enTOfVERT3H0Ja$19",2.2292137145996094e-4,"v¡EN+OFUER+EHOJA$I9",8.280277252197266e-4,"VI3n+ofU€RT3h0jA5|9",7.660388946533203e-4,"V¡En+0FU€RT3HOJ@$|9",0.0070569515228271484,"V¡En+0FU€RT3HOJ@$|9",0.11898112297058105
"frutamaduramango20","frut@maDUramang02o",0.00021600723266601563,"FRVT4M4DvR4M4N9OzO",8.299350738525391e-4,"FrV+@M4DURamAn60ZO",7.419586181640625e-4,"FRU+@M4DuramAn90ZO",0.006300926208496094,"FRu+4M@DUramAn90ZO",0.12110590934753418
"perrofelizjugueton17","p3rroF€|!ZJV6u€T0n|7",2.529621124267578e-4,"P3RROFEL¡2JV9V€+0Nl7",0.0011510848999023438,"p3RROF€|¡zJu9vE+0NI7",9.779930114746094e-4,"PERr0F€|¡2JU9u3+OnI7",0.007747173309326172,"P€Rr0FE|¡2JU9u3+OnI7",0.10869383811950684
"gatocuriosoluz2023","g4t0<vr105o|uZz0z3",0.00021409988403320313,"GA+O(VR!OSO|vZZOZ3",8.871555328369141e-4,"6@ToCURIo$OlVzz023",8.261203765869141e-4,"9@+0<UR¡O$o|u2ZOzE",0.007122993469238281,"9@+0<UR¡O$o|u2ZOzE",0.10277986526489258
"pezrapidorio2024","PE2RapIDOr1o20Z4",0.00019693374633789063,"P3ZRAP1DOR1Oz0z4",0.00078296661376953125,"P3ZR@p1DOR!Oz0Z4",8.599758148193359e-4,"PE2R@p¡D0r!OZoz4",0.005423069000244141,"PE2R@p¡D0r!OZoz4",0.10493993759155273
"lunacrecientefase18","|uNACR€C1en+Ef@$e|8",2.391338348388672e-4,"LVN4CR€C!3N+3F4$€18",0.00084400177001953125,"|UN@(R3c!€nt€f45€|8",0.00078296661376953125,"|Un@<RE(¡€N+3F4$eI8",0.007641792297363281,"|Un@<RE(¡€N+3F4$eI8",0.1150670051574707
"mercadolleno2025","m€RcadOL|€N02o2S",2.009868621826172e-4,"MERCADOLLENOZOzS",8.029937744140625e-4,"M3RcAdol|3N0ZozS",0.012075185775756836,"MER<@D0|L€nOZozS",0.005994081497192383,"MER<@D0|L€nOZozS",0.08170294761657715
"colegionuevovida19","(o|39I0nVEvoV1DaI9",2.0813941955566406e-4,"(0L€6IONV3V0VID4l9",8.170604705810547e-4,"(0LEG¡0nU€VOv!D4|9",7.419586181640625e-4,"<0|E9¡OnU€Vov!D@I9",0.006680011749267578,"<0|E6¡OnU€Vov!D@I9",0.09965705871582031
"trabajodurofirme20","TRa8AJ0dur0F¡rmE2O",0.00023603439331054688,"+R@8AJODVROF¡RM€ZO",9.529590606689453e-4,"+R4b@JoDVROfIrmEZO",9.82046127319336e-4,"+R@84J0DUrOF¡RMEZo",0.006636857986450195,"+R48@J0DUrOF¡RMEZo",0.07682299613952637
"oficinallenaactiva18","0F!CiNA|lenAAC+1v@|8",2.25067138671875e-4,"OF!(IN4L|EN@@C+!v4|8",0.00078296661376953125,"OF¡C1nA||€N@AC+¡vA|8",7.281303405761719e-4,"0F¡<!n@|LEN4a(+1VAI8",0.008126974105834961,"0F!<¡n@|LEN4a(+1VAI8",0.18199491500854492
"puentelargoseguro19","pv€NTe|4RGo536VRoI9",2.238750457763672e-4,"PUENT3LAR6O5€GUROI9",0.00088405609130859375,"puEn+3L@Rg05€6VR0I9",7.710456848144531e-4,"PUEn+€|@R90$36urOI9",0.007203817367553711,"PU€n+E|@RG0$36urOI9",0.12495112419128418
"carrorapidoveloz20","CArR0rap!doVel02Zo",2.090930938720703e-4,"(ARRORAP1DOv€|OZ2O",8.251667022705078e-4,"(4rR0RAP¡D0vELOZZ0",7.660388946533203e-4,"<@Rr0R4P¡DOVE|o2ZO",0.006352901458740234,"<4Rr0R@P¡DOVE|o2ZO",0.13823509216308594
"bicicletanueva2022","bi(1<Le+4nv€vA20ZZ",0.00021696090698242188,"B1<IC|€T@NV€vA2OZz",8.161067962646484e-4,"bIc1<lEt4Nu3vAzOZZ",8.389949798583984e-4,"8¡<!(|E+@nU€V4ZOz2",0.007253170013427734,"8!(¡<|E+@nU€V4ZOz2",0.1805570125579834
"avionligerovuelo18","av!onL!6€RoVUelo18",0.00021886825561523438,"@V!0NL!6€ROvV€LO18",8.571147918701172e-4,"@ViONlI6€R0Vue|0|8",7.479190826416016e-4,"@V¡0n|!9EROvU€LoI8",0.007908105850219727,"@V!0n|¡9EROvU€LoI8",0.1434638500213623
"barcovelozpesca2023","bArC0v3|OzpES<@Zoze",2.2292137145996094e-4,"84R<OVE|OZP€SCA20zE",8.988380432128906e-4,"B@rCOV€LOzP€5(AzoZ€",7.750988006591797e-4,"8@R<0VE|O2P€$(4Zoz3",0.007261991500854492,"8@R<0VE|O2P€$(4Zoz3",0.10073399543762207
"camisalimpiaorden20","<4M!$@LIMP1aoRDeNz0",2.300739288330078e-4,"<4M!SA|1MP!@ORDEN20",9.429454803466797e-4,"<4M15@LIMP1AOrD3N2o",8.189678192138672e-4,"<@M¡$4|!mP1a0RDEnZO",0.007792949676513672,"<4M¡$@|!mP1a0RDEnZO",0.18535494804382324
"zapatoelegante2024","24P@+0ele6@N+ezoz4",2.25067138671875e-4,"ZAPATO€|€G@N+€Zoz4",8.680820465087891e-4,"24P@T0EL€6ANT€ZOz4",8.518695831298828e-4,"2@P4+0E|€9anT3ZOz4",0.0066988468170166016,"2AP@+0E|€9anT3ZOz4",0.06803297996520996
"sombreroanchoazul19","$OmbR3r0@N<HOA2ULI9",2.219676971435547e-4,"5OM8R3RO4N(HO@ZVLl9",8.590221405029297e-4,"SOM8ReRoANCHO4zu|19",7.750988006591797e-4,"$0M8RErO@n<Ho42U|I9",0.006680011749267578,"$OM8REr0@n<Ho42U|I9",0.09812593460083008
"pantalongriscorto18","pANt@LON6RiS(or+Ol8",0.00023508071899414063,"P@N+4LON6RI5<OR+018",0.001001119613647461,"PaNT@Lon9RIs(ORT0|8",8.721351623535156e-4,"P@n+4|0N9R¡$<OrToI8",0.006919145584106445,"P4n+@|0N9R¡$<OrToI8",0.07058095932006836
